<?xml version="1.0" encoding="UTF-8"?><TaskRepositories OutputVersion="1"><TaskRepository kind="githubGists" url="https://gist.github.com" version="unknown" encoding="UTF-8" timezone="Asia/Kolkata" org.eclipse.mylyn.tasklist.repositories.proxy.usedefault="true" org.eclipse.mylyn.tasklist.repositories.savePassword="true" org.eclipse.mylyn.tasklist.repositories.httpauth.savePassword="true" org.eclipse.mylyn.tasklist.repositories.proxy.savePassword="true" label="Gists" org.eclipse.mylyn.tasklist.repositories.enabled="true" org.eclipse.mylyn.tasklist.repositories.username="codelibra" category="org.eclipse.mylyn.category.review"/><TaskRepository kind="githubPullRequests" url="http://github.com/codelibra/pathshala_BACKEND/pulls" version="unknown" encoding="UTF-8" timezone="Asia/Kolkata" org.eclipse.mylyn.tasklist.repositories.proxy.usedefault="true" org.eclipse.mylyn.tasklist.repositories.savePassword="true" org.eclipse.mylyn.tasklist.repositories.httpauth.savePassword="true" org.eclipse.mylyn.tasklist.repositories.proxy.savePassword="true" label="codelibra/pathshala_BACKEND pull requests" org.eclipse.mylyn.tasklist.repositories.enabled="true" org.eclipse.mylyn.tasklist.repositories.username="codelibra" category="org.eclipse.mylyn.category.review"/><TaskRepository kind="githubPullRequests" url="http://github.com/codelibra/pathshala_UI/pulls" version="unknown" encoding="UTF-8" timezone="Asia/Kolkata" org.eclipse.mylyn.tasklist.repositories.proxy.usedefault="true" org.eclipse.mylyn.tasklist.repositories.savePassword="true" org.eclipse.mylyn.tasklist.repositories.httpauth.savePassword="true" org.eclipse.mylyn.tasklist.repositories.proxy.savePassword="true" label="codelibra/pathshala_UI pull requests" org.eclipse.mylyn.tasklist.repositories.enabled="true" org.eclipse.mylyn.tasklist.repositories.username="codelibra" category="org.eclipse.mylyn.category.review"/><TaskRepository kind="github" url="http://github.com/user/repository" version="unknown" encoding="UTF-8" timezone="Asia/Kolkata" org.eclipse.mylyn.tasklist.repositories.proxy.usedefault="true" org.eclipse.mylyn.tasklist.repositories.savePassword="false" org.eclipse.mylyn.tasklist.repositories.httpauth.savePassword="true" org.eclipse.mylyn.tasklist.repositories.proxy.savePassword="false" category="org.eclipse.mylyn.category.bugs" org.eclipse.mylyn.tasklist.repositories.enabled="true" org.eclipse.mylyn.tasklist.repositories.username="codelibra" label="user/repository issues" org.eclipse.mylyn.tasklist.repositories.proxy.hostname="" org.eclipse.mylyn.tasklist.repositories.proxy.port="" org.eclipse.mylyn.tasklist.repositories.proxy.enabled="true" org.eclipse.mylyn.tasklist.repositories.offline="false" editorExtension="none" avatarSupport="false"/><TaskRepository kind="github" url="http://github.com/codelibra/pathshala_BACKEND" version="unknown" encoding="UTF-8" timezone="Asia/Kolkata" org.eclipse.mylyn.tasklist.repositories.proxy.usedefault="true" org.eclipse.mylyn.tasklist.repositories.savePassword="true" org.eclipse.mylyn.tasklist.repositories.httpauth.savePassword="true" org.eclipse.mylyn.tasklist.repositories.proxy.savePassword="true" label="codelibra/pathshala_BACKEND issues" org.eclipse.mylyn.tasklist.repositories.enabled="true" org.eclipse.mylyn.tasklist.repositories.username="codelibra" category="org.eclipse.mylyn.category.bugs"/><TaskRepository kind="github" url="http://github.com/codelibra/pathshala_UI" version="unknown" encoding="UTF-8" timezone="Asia/Kolkata" org.eclipse.mylyn.tasklist.repositories.proxy.usedefault="true" org.eclipse.mylyn.tasklist.repositories.savePassword="true" org.eclipse.mylyn.tasklist.repositories.httpauth.savePassword="true" org.eclipse.mylyn.tasklist.repositories.proxy.savePassword="true" label="codelibra/pathshala_UI issues" org.eclipse.mylyn.tasklist.repositories.enabled="true" org.eclipse.mylyn.tasklist.repositories.username="codelibra" category="org.eclipse.mylyn.category.bugs"/><TaskRepository kind="bugzilla" url="https://bugs.eclipse.org/bugs" version="3.6" encoding="UTF-8" timezone="GMT+05:30" org.eclipse.mylyn.tasklist.repositories.proxy.usedefault="true" org.eclipse.mylyn.tasklist.repositories.savePassword="true" org.eclipse.mylyn.tasklist.repositories.httpauth.savePassword="true" org.eclipse.mylyn.tasklist.repositories.proxy.savePassword="true" label="Eclipse.org" org.eclipse.mylyn.tasklist.repositories.enabled="false" org.eclipse.mylyn.tasklist.repositories.template="true" category="org.eclipse.mylyn.category.bugs" avatarSupport="true"/><TaskRepository kind="local" url="local" version="1" encoding="UTF-8" timezone="GMT+05:30" org.eclipse.mylyn.tasklist.repositories.proxy.usedefault="true" org.eclipse.mylyn.tasklist.repositories.savePassword="true" org.eclipse.mylyn.tasklist.repositories.httpauth.savePassword="true" org.eclipse.mylyn.tasklist.repositories.proxy.savePassword="true" label="Local" category="org.eclipse.mylyn.category.tasks"/></TaskRepositories>